ProjectId,ProjectName,StartDate,TargetDate,CompletedDate,ProjectLink,CompletedLink,TotalHours,Variation,OthersInfo,BillingType,ClientId,Location,Size,Difficulty,Phase,LOD,FloorAreas,UnitArea,ListMember,ListLeader,ListManager,Avatar,AutoLoad
133-PRO-HKIA POOL,HKIA POOL,2021-12-20,2022-01-31,,,,880,,,Lump-Sum,10,,Medium,Standard,Detailed Design,300,0,m²,"(182),(232),(188),(235),(237),(169),(218),(229),(221),(176),(210),(220),(191),(245),(242)","(231),(183),(205),(187)","(88),(149),(61)",System.Byte[],06/13/2022 1:35:58 PM
PRO-000-ADT-001,ADITAZZ TEST,2021-12-27,2022-01-22,2022-01-19,,,100,,,Non-Billable,3,,Medium,Standard,Construction,N/A,0,m²,"(194),(209)",(213),"(212),(88),(149),(61)",System.Byte[],06/13/2022 1:35:58 PM
PRO-000-BD,PROJECT PROPOSAL,2021-04-22,2022-02-01,,,,0,,,Non-Billable,1,,Medium,Standard,Others,N/A,0,m²,"(216),(188),(209)",,"(61),(88),(149),(224),(73),(187),(212)",System.Byte[],06/13/2022 1:36:00 PM
PRO-000-RND,RND TASKS,2020-12-18,2025-01-01,,,,0,,,Non-Billable,1,,Small,Complex,Others,N/A,0,m²,"(194),(180),(224),(221),(229),(285)",(213),(212),System.Byte[],07/15/2022 5:34:06 PM
PRO-000-TBF,GENERAL MEP TASK,2021-01-01,2025-01-01,,,,0,,,Non-Billable,1,,Small,Standard,Construction,N/A,0,m²,"(228),(225),(170),(212),(271),(270),(278),(277),(282)",(151),"(187),(88),(149)",System.Byte[],06/14/2022 3:58:25 PM
PRO-000-TBF_DETAILS,STANDARDS - ARC DETAIL ITEMS,2021-12-07,2025-01-01,,,,100,,,Non-Billable,1,,Medium,Standard,Construction,N/A,0,m²,"(170),(218),(223),(225),(229),(220)",(205),"(217),(88),(149),(61),(73)",System.Byte[],06/13/2022 1:36:00 PM
PRO-000-TBF_TRAINING,TBF-TRAINING&TEMPLATE,2021-03-09,2025-12-31,,,,0,,,Non-Billable,1,,Medium,Standard,Others,N/A,0,m²,"(169),(183),(191),(200),(188),(203),(112),(206),(139),(199),(184),(190),(210),(182),(215),(209),(185),(216),(109),(192),(221),(208),(176),(217),(197),(218),(220),(223),(170),(196),(207),(198),(225),(219),(226),(227),(228),(229),(259),(260)","(140),(155),(205),(151)","(61),(224),(88),(149),(214),(73),(187),(212)",System.Byte[],06/13/2022 1:36:00 PM
PRO-000-TBF-STR,STR TEAM - PROJECT MANAGEMENT,2022-01-01,2022-12-31,,,,0,,,Non-Billable,1,,Small,Simple,Others,N/A,0,m²,,,"(73),(88),(149)",System.Byte[],06/13/2022 1:36:00 PM
PRO-000-UAI,UNREAL ENGINE LEARNING,2021-11-19,2022-06-01,,,,0,,,Non-Billable,28,,Medium,Standard,Construction,N/A,0,m²,"(229),(188)","(212),(213)","(88),(149),(61),(73)",System.Byte[],06/13/2022 1:36:00 PM
PRO-109-WOAA-01_A,WHISKY HOTEL_ARCHITECTURE,2021-03-04,2021-04-03,,Z:\5. BIM I&P\PRO-109-WHISKY_HOTEL,,1120,,,Lump-Sum,33,,Medium,Standard,Detailed Design,300,0,m²,"(185),(183),(208),(216),(169),(109),(191),(198),(221),(176),(205),(218)",(215),"(224),(73),(88),(149),(61)",System.Byte[],06/13/2022 1:36:03 PM
PRO-109-WOAA-01_REV1,WHISKEY HOTEL_ARCHITECTURE_SD,2021-11-27,2022-05-31,,,,100,,,Lump-Sum,33,,Medium,Standard,Construction,N/A,0,m²,"(208),(234),(176),(183),(210),(190),(228),(223),(196),(219),(229),(220),(207),(242),(247)","(231),(169),(187),(151)","(88),(149),(61)",System.Byte[],06/13/2022 1:36:02 PM
PRO-109-WOAA-01_S,WHISKY HOTEL_STRUCTURE,2021-03-12,2021-04-11,2022-03-30,Z:\5. BIM I&P\PRO-109-WHISKY_HOTEL,,50,,,Lump-Sum,33,,Medium,Standard,Others,N/A,0,m²,"(214),(206),(200),(203),(112)",(188),"(73),(88),(149),(61)",System.Byte[],06/13/2022 1:36:03 PM
PRO-110-ICM-01,LHA (LOTTE HANOI AQUARIUM),2021-01-22,2021-04-30,2021-11-01,Z:\5. BIM I&P\PRO-110-ICM\01 HANOI AQUARIUM,,2110,,,Lump-Sum,14,,Small,Complex,Construction,300,0,m²,"(196),(166),(219),(218),(170),(198),(205),(197),(202),(220),(207),(180),(223),(225),(229),(203)","(155),(157),(151)","(212),(187),(88),(149),(61)",System.Byte[],06/13/2022 1:35:59 PM
PRO-111-IB-15_A,PHOENIX_ARCH,2021-01-11,2021-02-10,2021-03-25,Z:\5. BIM I&P\[PRO-111-iBUILT\15-PHOENIX,,1000,,,Man-HR Based,13,,Small,Standard,Schematic,300,0,m²,"(183),(191),(216),(169),(182),(190),(192),(210),(109)",(185),(73),System.Byte[],06/13/2022 1:36:00 PM
PRO-111-IB-15_M,PHOENIX_MEP,2021-01-11,2021-01-22,2021-03-24,Z:\5. BIM I&P\[PRO-111-DELUXE\14-MAHOGANY RUN PROTOTYPE,,360,,,Man-HR Based,13,USA,Small,Standard,Others,N/A,0,m²,"(196),(198),(166),(170),(219),(207),(218)","(151),(157),(155)","(187),(149)",System.Byte[],06/13/2022 1:36:00 PM
PRO-111-IB-15_R,PHOENIX_RND,2021-01-08,2021-03-05,2021-04-05,Z:\5. BIM I&P\[PRO-111-iBUILT\15-PHOENIX,,1000,,,Man-HR Based,13,,Medium,Standard,Others,N/A,0,m²,"(194),(180)",(213),(212),System.Byte[],06/13/2022 1:36:00 PM
PRO-111-IB-15_S,PHOENIX_STRUC,2021-01-11,2021-02-10,2021-04-05,Z:\5. BIM I&P\[PRO-111-iBUILT\15-PHOENIX,,1000,,,Man-HR Based,13,,Small,Standard,Detailed Design,N/A,0,m²,"(189),(209),(112),(199),(203),(139),(206),(200)",(184),"(214),(140),(188)",System.Byte[],06/13/2022 1:36:00 PM
PRO-111-IB-16_A,LAKE_PLACID_ARCH,2021-01-25,2021-02-24,2021-03-25,Z:\5. BIM I&P\[PRO-111-iBUILT\16-LAKE PLACID,,100,,,Man-HR Based,13,,Large,Standard,Schematic,N/A,0,m²,"(192),(182),(169),(183),(109),(190),(191),(210),(216),(176),(208),(221)","(215),(185)",(73),System.Byte[],06/13/2022 1:35:59 PM
PRO-111-IB-16_M,LAKE_PLACID_MEPF,2021-02-02,2021-03-26,2021-04-05,Z:\5. BIM I&P\[PRO-111-iBUILT\16-LAKE PLACID,,100,,,Man-HR Based,13,USA,Large,Standard,Detailed Design,300,0,m²,"(166),(170),(196),(198),(219),(207),(223)",(155),"(187),(88),(149),(61),(151)",System.Byte[],06/13/2022 1:35:59 PM
PRO-111-IB-16_S,LAKE_PLACID_STRUC,2021-01-25,2021-02-24,2021-04-05,Z:\5. BIM I&P\[PRO-111-iBUILT\16-LAKE PLACID,,1000,,,Man-HR Based,13,,Medium,Standard,Others,N/A,0,m²,"(206),(200),(139),(203),(199),(209),(112),(184)",,"(214),(88),(149),(61),(188),(140)",System.Byte[],06/13/2022 1:35:59 PM
PRO-113-VNC-01,VNC-01-DFWIA ELECTRICAL SCOPE,2020-10-05,2021-04-02,2021-04-27,Z:\5. BIM I&P\PRO-113-VNC\VNC-01,,896,,,Lump-Sum,29,US - Dallas - Fortworth,Medium,Standard,Others,N/A,0,m²,"(205),(202),(197),(213),(220),(180)",,"(212),(149)",System.Byte[],06/13/2022 1:36:00 PM
PRO-113-VNC-04,VNC-04-TSC LUBBOCK,2021-03-02,2021-03-26,2021-05-13,Z:\5. BIM I&P\PRO-113-VNC\VNC-04,,115,,,Lump-Sum,29,,Small,Standard,Others,300,0,m²,"(190),(210),(191),(182)",(215),"(73),(224),(88),(149),(61)",System.Byte[],06/13/2022 1:36:00 PM
PRO-113-VNC-05,VNC-05-BWW MESA RIDGE,2021-04-01,2021-05-01,2021-05-13,Z:\5. BIM I&P\PRO-113-VNC,,115,,,Lump-Sum,29,,Small,Standard,Detailed Design,300,0,m²,"(190),(182),(210),(139),(200)",,"(73),(224),(88),(149),(61)",System.Byte[],06/13/2022 1:36:00 PM
PRO-113-VNC-06,VNC-06-BWW LAFAYETTE,2021-04-21,2021-04-26,2021-05-13,Z:\5. BIM I&P\PRO-113-VNC\VNC-06-BWW Lafayette-Sample,,79,,,Lump-Sum,29,,Small,Standard,Others,N/A,0,m²,"(190),(210),(188),(112)",,"(73),(88),(149),(61)",System.Byte[],06/13/2022 1:36:01 PM
PRO-113-VNC-06_VO1,VNC-06-BWW LAFAYETTE-VO,2021-04-27,2021-05-27,2021-05-13,Z:\5. BIM I&P\PRO-113-VNC,,0,VNC-06-BWW LAFAYETTE,,Man-HR Based,29,,Medium,Standard,Others,N/A,0,m²,"(188),(112)",,"(73),(88),(149),(61)",System.Byte[],06/13/2022 1:36:01 PM
PRO-113-VNC-07,VNC-07-BWW MELROSE PARK,2021-04-01,2021-05-01,2021-05-13,Z:\5. BIM I&P\PRO-113-VNC,,115,,,Lump-Sum,29,,Small,Standard,Detailed Design,300,0,m²,"(182),(190),(210),(112),(188)",,"(73),(224),(88),(149),(61)",System.Byte[],06/13/2022 1:36:01 PM
PRO-113-VNC-08,VNC-08-BWW CHICAGO MEDICAL,2021-04-01,2021-05-01,2021-05-13,Z:\5. BIM I&P\PRO-113-VNC,,115,,,Lump-Sum,29,,Small,Standard,Detailed Design,300,0,m²,"(182),(190),(210),(112),(188)",,"(73),(224),(88),(149),(61)",System.Byte[],06/13/2022 1:36:01 PM
PRO-113-VNC-10,VNC-10-THE NOW FRISCO,2021-04-05,2021-05-05,2021-05-13,Z:\5. BIM I&P\PRO-113-VNC,,36,,,Lump-Sum,29,,Small,Standard,Detailed Design,300,0,m²,"(182),(210),(190),(224),(188)",,"(73),(88),(149),(61)",System.Byte[],06/13/2022 1:36:01 PM
PRO-113-VNC-12,VNC-12-THE NOW SOUTHLAKE,2021-04-14,2021-05-22,2021-05-13,Z:\5. BIM I&P\PRO-113-VNC,,115,,,Lump-Sum,29,,Small,Standard,Detailed Design,300,0,m²,"(224),(182),(210),(190),(139),(200),(188),(215),(176),(208),(109),(140),(203),(199)",,"(73),(88),(149),(61)",System.Byte[],06/13/2022 1:36:01 PM
PRO-113-VNC-13,VNC-13-BWW CHICAGO MEDICAL_MEP,2021-04-22,2021-04-26,2021-05-28,Z:\5. BIM I&P\PRO-113-VNC\VNC-13-BWW Chicago Medical -MEP,,130,,,Man-HR Based,29,,Small,Standard,Detailed Design,200,0,m²,"(219),(225),(196)",(151),"(187),(88),(149),(61)",System.Byte[],06/13/2022 1:36:01 PM
PRO-113-VNC-14,VNC-14-BWW EVERGREEN PARK,2021-04-16,2021-05-16,2021-05-13,Z:\5. BIM I&P\PRO-113-VNC,,115,,,Lump-Sum,29,,Small,Standard,Construction,300,0,m²,"(182),(210),(200),(139),(112),(190)",,"(73),(88),(149),(61)",System.Byte[],06/13/2022 1:36:01 PM
PRO-113-VNC-15,VNC-15-BWW BANDERA TX,2021-04-20,2021-05-20,2021-05-31,Z:\5. BIM I&P\PRO-113-VNC\VNC-15-BWW Bandera TX,,115,,,Lump-Sum,29,,Small,Standard,Detailed Design,300,0,m²,"(182),(210),(190),(200),(112),(139),(109),(169)",(188),"(73),(88),(149),(61)",System.Byte[],06/13/2022 1:36:01 PM
PRO-113-VNC-16,VNC-16-BWW WEST RODGERS PARK,2021-04-20,2021-05-20,2021-05-13,Z:\5. BIM I&P\PRO-113-VNC\VNC-16-BWW West Rodgers Park,,79,,,Lump-Sum,29,,Small,Standard,Detailed Design,300,0,m²,"(73),(182),(190),(210),(200),(139),(112)",(188),"(88),(149),(61)",System.Byte[],06/13/2022 1:36:01 PM
PRO-113-VNC-17,VNC-17-THE NOW MT PLEASANT,2021-04-22,2021-05-22,2021-05-13,Z:\5. BIM I&P\PRO-113-VNC,,36,,,Lump-Sum,29,,Medium,Standard,Detailed Design,N/A,0,m²,"(209),(206)",(188),"(73),(88),(149),(61)",System.Byte[],06/13/2022 1:36:01 PM
PRO-113-VNC-18,VNC-18-BWW MELROSE PARK_MEP,2021-04-27,2021-04-29,2021-05-06,Z:\5. BIM I&P\PRO-113-VNC\VNC-18-BWW Melrose Park-MEP,,130,,,Man-HR Based,29,,Small,Standard,Detailed Design,N/A,0,m²,"(151),(196),(207),(225),(223)",,"(187),(88),(149),(61)",System.Byte[],06/13/2022 1:36:01 PM
PRO-113-VNC-19_A,VNC-19-BARRE3 SALEM OR_ARC,2021-05-04,2021-05-06,2021-11-25,Z:\5. BIM I&P\PRO-113-VNC\VNC-19-Barre3 Salem OR,,115,,,Lump-Sum,29,,Medium,Standard,Others,N/A,0,m²,"(139),(112),(182),(210),(169)",(190),"(73),(88),(149),(61)",System.Byte[],06/13/2022 1:36:01 PM
PRO-113-VNC-19_M,VNC-19-BARRE3 SALEM OR_MEP,2021-05-05,2021-05-06,2021-05-12,Z:\5. BIM I&P\PRO-113-VNC\VNC-19-Barre3 Salem OR,,82,,,Man-HR Based,29,,Small,Standard,Others,N/A,0,m²,"(187),(151),(219),(170)",,"(88),(149),(61)",System.Byte[],06/13/2022 1:36:01 PM
PRO-113-VNC-20_A,VNC-20-BARRE3 SLAT LAKE_ARC,2021-05-12,2021-06-11,2021-05-31,Z:\5. BIM I&P\PRO-113-VNC,,79,,,Lump-Sum,29,,Medium,Standard,Detailed Design,N/A,0,m²,"(182),(139),(112),(190),(169)",,"(73),(88),(149),(61)",System.Byte[],06/13/2022 1:36:01 PM
PRO-113-VNC-20_M,VNC-20-BARRE3 SALT LAKE_MEP,2021-05-12,2021-06-11,2021-05-28,Z:\5. BIM I&P\PRO-113-VNC,,100,,,Man-HR Based,29,,Medium,Standard,Detailed Design,N/A,0,m²,"(151),(225),(219)",,"(187),(88),(149),(61)",System.Byte[],06/13/2022 1:36:01 PM
PRO-113-VNC-21,VNC-21-BWW SYLMAR,2021-05-12,2021-06-11,2021-11-25,Z:\5. BIM I&P\PRO-113-VNC,,115,,,Lump-Sum,29,,Medium,Standard,Detailed Design,N/A,0,m²,"(190),(169),(139),(112),(185),(227)",,"(73),(88),(149),(61)",System.Byte[],06/13/2022 1:36:01 PM
PRO-113-VNC-22,VNC-22-BARRE3 GARNER,2021-05-21,2021-06-20,2021-05-31,Z:\5. BIM I&P\PRO-113-VNC\VNC-22-Barre3 Garner,,79,,,Lump-Sum,29,,Medium,Standard,Construction,N/A,0,m²,"(139),(112)",(169),"(73),(88),(149),(61)",System.Byte[],06/13/2022 1:36:01 PM
PRO-113-VNC-23,VNC-23-BWW MESA AZ,2021-05-31,2021-06-30,2021-11-25,Z:\5. BIM I&P\PRO-113-VNC,,115,,,Lump-Sum,29,,Medium,Standard,Detailed Design,N/A,0,m²,"(112),(139),(169),(226)",,"(73),(88),(149),(61)",System.Byte[],06/13/2022 1:36:01 PM
PRO-113-VNC-24,VNC-24-BWW LOGAN SQUARE,2021-06-03,2021-07-03,2021-11-25,Z:\5. BIM I&P\PRO-113-VNC,,115,,,Lump-Sum,29,,Medium,Standard,Construction,N/A,0,m²,"(112),(139),(169),(227)",,"(73),(88),(149),(61)",System.Byte[],06/13/2022 1:36:01 PM
PRO-113-VNC-25,VNC-25-TSC SAND SPRINGS OK,2021-06-15,2021-07-15,2021-11-25,Z:\5. BIM I&P\PRO-113-VNC,,36,,,Lump-Sum,29,,Medium,Standard,Construction,N/A,0,m²,"(169),(139),(112)",,"(73),(88),(149),(61)",System.Byte[],06/13/2022 1:36:01 PM
PRO-113-VNC-26,VNC-26-TSC SOUTHLAKE TX,2021-06-21,2021-07-21,2021-11-25,Z:\5. BIM I&P\PRO-113-VNC,,115,,,Lump-Sum,29,,Medium,Standard,Construction,N/A,0,m²,"(112),(139),(185),(226),(227)",,"(73),(61),(88),(149)",System.Byte[],06/13/2022 1:36:01 PM
PRO-113-VNC-27,VNC-27-BWW AUSTIN HIGHWAY,2021-06-26,2021-06-28,2021-11-25,Z:\5. BIM I&P\PRO-113-VNC\VNC-27-BWW Austin Highway,,115,,,Lump-Sum,29,,Medium,Standard,Construction,N/A,0,m²,"(185),(112),(139)",,"(73),(88),(149),(61)",System.Byte[],06/13/2022 1:36:01 PM
PRO-113-VNC-27_M,VNC-BWW GO -MEP,2021-05-03,2021-05-07,2021-11-22,,,100,,,Man-HR Based,29,,Small,Standard,Detailed Design,N/A,0,m²,"(219),(170),(196),(225),(207),(223),(218),(212)","(151),(155)","(187),(88),(149),(61)",System.Byte[],06/13/2022 1:36:02 PM
PRO-113-VNC-28,VNC_28-MEP SCOOTER COFFEE,2021-08-02,2021-09-01,2021-11-22,,,0,,,Lump-Sum,29,,Medium,Standard,Construction,N/A,0,m²,"(185),(139),(112),(73),(151),(196),(170),(223),(207),(188),(227),(226),(206)",,"(61),(88),(149)",System.Byte[],06/13/2022 1:36:02 PM
PRO-113-VNC-33,VNC_33-HODGKINS_MEP,2021-08-17,2021-08-20,2021-11-10,,,130,,,Lump-Sum,29,,Medium,Standard,Construction,300,0,m²,"(196),(223),(207),(170),(157)",(151),"(187),(88),(149),(61)",System.Byte[],06/13/2022 1:36:02 PM
PRO-113-VNC-34,VNC-34- BWW PHHOENIX AZ,2021-11-30,2021-12-09,2022-03-30,Z:\5. BIM I&P\PRO-113-VNC\VNC-47-BWW Phoenix AZ,,120,,,Lump-Sum,29,,Small,Standard,Construction,N/A,0,m²,"(139),(235),(112),(206)",,"(73),(88),(149),(61)",System.Byte[],06/13/2022 1:36:01 PM
PRO-113-VNC-34_M,VNC_34_PHOENIX_MEP,2021-08-23,2021-08-26,2021-11-10,,,130,,,Lump-Sum,29,,Medium,Standard,Construction,300,0,m²,"(170),(196),(223),(207)",(151),"(187),(88),(149),(61)",System.Byte[],06/13/2022 1:36:02 PM
PRO-113-VNC-35,VNC-35-TSC OCALA_ARC,2021-11-12,2021-11-17,2022-03-30,Z:\5. BIM I&P\PRO-113-VNC\VNC-35-TSC OCALA FL,,87,,,Lump-Sum,29,,Small,Standard,Detailed Design,N/A,0,m²,"(112),(139)",,"(73),(88),(149),(61)",System.Byte[],06/13/2022 1:36:01 PM
PRO-113-VNC-36,VNC-36-BARRE3 JERSEY CITY,2021-11-30,2021-12-14,2022-03-30,Z:\5. BIM I&P\PRO-113-VNC\VNC-36-Barre3 Jersey City,,81,,,Lump-Sum,29,,Medium,Standard,Construction,N/A,0,m²,"(112),(206)",,"(73),(88),(149),(61)",System.Byte[],06/13/2022 1:36:01 PM
PRO-113-VNC-39,VNC-39-TSC ROANOKE_ARC,2021-11-09,2021-12-09,2021-11-25,,,100,,,Non-Billable,29,,Medium,Standard,Construction,N/A,0,m²,"(139),(112),(227),(206)",,"(73),(88),(149),(61)",System.Byte[],06/13/2022 1:36:01 PM
PRO-113-VNC-40_A,VNC-40-BWW MESA AZ_MESA RANCH PLAZA_ARC,2021-11-09,2021-12-09,2021-11-22,,,100,,,Lump-Sum,29,,Medium,Standard,Construction,N/A,0,m²,"(73),(139),(112),(227),(206)",,"(88),(149),(61)",System.Byte[],06/13/2022 1:36:01 PM
PRO-113-VNC-40_M,VNC-40-BWW MESA AZ_MESA RANCH PLAZA_MEP,2021-10-21,2021-10-26,2021-11-10,,,130,,,Lump-Sum,29,,Medium,Standard,Construction,N/A,0,m²,"(170),(196),(223)",(151),"(187),(88),(149),(61)",System.Byte[],06/13/2022 1:36:01 PM
PRO-113-VNC-41,VNC-41-TSC OLO CUBBY_ARC,2021-11-09,2021-12-09,2021-11-25,,,100,,,Lump-Sum,29,,Medium,Standard,Construction,N/A,0,m²,"(73),(139),(112),(227),(206)",,"(88),(149),(61)",System.Byte[],06/13/2022 1:36:01 PM
PRO-113-VNC-42,VNC-42-BWW GO_FORT WORTH_ARC,2021-11-09,2021-12-09,2022-03-30,,,100,,,Lump-Sum,29,,Medium,Standard,Construction,N/A,0,m²,"(73),(139),(112),(227),(206)",,"(88),(149),(61)",System.Byte[],06/13/2022 1:36:01 PM
PRO-113-VNC-43,VNC-43- BARRE3 - NEW ALBANY_ARC,2021-11-09,2021-12-09,2022-03-30,,,100,,,Lump-Sum,29,,Medium,Standard,Construction,N/A,0,m²,"(73),(139),(112),(227),(206)",,"(88),(149),(61)",System.Byte[],06/13/2022 1:36:01 PM
PRO-113-VNC-44,VNC-44- BARRE3 ROCKAWAY_ARC,2021-11-10,2021-11-11,2022-03-30,Z:\5. BIM I&P\PRO-113-VNC\VNC-44- Barre3 Rockaway NY,,37,,,Lump-Sum,29,,Medium,Standard,Construction,N/A,0,m²,(112),,"(73),(88),(149),(61)",System.Byte[],06/13/2022 1:36:01 PM
PRO-113-VNC-45,VNC-45-PALAZZO DEL SOL (SAMPLE AREA),2021-11-23,2021-11-25,2021-12-15,,,12,,,Lump-Sum,29,,Small,Simple,Others,200,0,m²,"(196),(112)",,"(187),(88),(149),(61),(73)",System.Byte[],06/13/2022 1:36:01 PM
PRO-113-VNC-46_A,VNC-46-BWW ELGIN_ARC,2021-11-30,2021-12-09,2022-03-30,Z:\5. BIM I&P\PRO-113-VNC\VNC-46-BWW Elgin,,120,,,Lump-Sum,29,,Small,Standard,Construction,N/A,0,m²,(112),,"(73),(88),(149),(61)",System.Byte[],06/13/2022 1:36:01 PM
PRO-113-VNC-46_M,VNC-46-BWW ELGIN-MEP,2021-12-15,2021-12-17,2022-03-28,Z:\5. BIM I&P\PRO-113-VNC\VNC-46-BWW Elgin,,100,,,Lump-Sum,29,,Small,Standard,Construction,N/A,0,m²,"(170),(196),(223)",(151),"(187),(88),(149),(61)",System.Byte[],06/13/2022 1:36:01 PM
PRO-113-VNC-47_A,VNC-47-BWW PHOENIX MIDTOWN_ARC,2021-12-17,2021-12-27,2022-03-30,Z:\5. BIM I&P\PRO-113-VNC\VNC-51-BWW Phoenix Midtown,,32,,,Lump-Sum,29,,Small,Standard,Detailed Design,N/A,0,m²,"(139),(235),(112),(206)",,"(73),(88),(149),(61)",System.Byte[],06/13/2022 1:36:01 PM
PRO-113-VNC-48_A,VNC-48-BWW KELLER-ARC,2021-12-01,2021-12-04,2022-03-30,Z:\5. BIM I&P\PRO-113-VNC\VNC-48-BWW Keller,,120,,,Lump-Sum,29,,Small,Standard,Detailed Design,N/A,0,m²,"(139),(235),(206)",,"(73),(88),(149),(61)",System.Byte[],06/13/2022 1:36:02 PM
PRO-113-VNC-48_M,VNC-48-BWW KELLER_MEP,2022-01-20,2022-01-28,2022-03-28,Z:\5. BIM I&P\PRO-113-VNC\VNC-48-BWW Keller\02.Incoming\04.MEP,,100,,,Lump-Sum,29,Keller,Medium,Standard,Construction,400,0,m²,"(170),(223),(196),(207)",(151),"(187),(88),(149),(61)",System.Byte[],06/13/2022 1:36:02 PM
PRO-113-VNC-49,VNC-49-TSC CULLMAN,2021-12-07,2021-12-27,2022-03-30,Z:\5. BIM I&P\PRO-113-VNC\VNC-49-TSC Cullman,,115,,,Lump-Sum,29,,Small,Standard,Detailed Design,N/A,0,m²,"(139),(112),(235)",(206),"(73),(88),(149),(61)",System.Byte[],06/13/2022 1:36:02 PM
PRO-113-VNC-50,VNC-50-BWW FRISCO,2021-12-15,2021-12-20,2022-03-30,Z:\5. BIM I&P\PRO-113-VNC\VNC-50-BWWGO Frisco,,32,,,Lump-Sum,29,,Small,Standard,Detailed Design,N/A,0,m²,(112),(206),"(73),(88),(149),(61)",System.Byte[],06/13/2022 1:36:02 PM
PRO-113-VNC-51,VNC-51-8881 RESEARCH,2021-12-22,2022-01-21,2022-03-30,Z:\5. BIM I&P\PRO-113-VNC\VNC-52-8881 Research,,32,,,Lump-Sum,29,,Small,Standard,Detailed Design,N/A,0,m²,,,"(73),(88),(149),(61)",System.Byte[],06/13/2022 1:36:02 PM
PRO-113-VNC-53,VNC-52-REIS PLEASANT RIDGE,2022-02-14,2022-03-17,2022-04-20,Z:\5. BIM I&P\PRO-113-VNC\VNC-53-REIS Pleasant Ridge,,320,,,Lump-Sum,29,,Large,Standard,As-Built,N/A,0,m²,"(112),(139)",(206),"(73),(88),(149)",System.Byte[],06/13/2022 1:36:02 PM
PRO-113-VNC-53_A,VNC-53-Pleasant Ridge (REIS)_ARC,2022-02-14,2022-03-25,2022-03-30,Z:\5. BIM I&P\PRO-113-VNC\VNC-53 Pleasant Ridge,,400,,,Lump-Sum,29,,Medium,Standard,Construction,N/A,0,m²,"(73),(188)",,"(88),(149)",System.Byte[],06/13/2022 1:36:02 PM
PRO-113-VNC-53_M,VNC-53-Pleasant Ridge (REIS)_MEP,2022-02-14,2022-03-25,2022-03-31,Z:\5. BIM I&P\PRO-113-VNC\VNC-53 Pleasant Ridge,,400,,,Lump-Sum,30,,Medium,Standard,Construction,N/A,0,m²,"(212),(218),(229),(205),(220),(187)",,"(88),(149)",System.Byte[],06/13/2022 1:36:02 PM
PRO-113-VNC-54&57,VNC-54&57-BWW FORT WORTH HERITAGE TRACE,2022-02-14,2022-03-04,2022-04-20,Z:\5. BIM I&P\PRO-113-VNC\VNC-57-BWW Heritage Trace,,117,,,Lump-Sum,29,,Medium,Standard,Construction,N/A,0,m²,"(139),(112)",(206),"(73),(88),(149)",System.Byte[],06/13/2022 1:36:02 PM
PRO-113-VNC-55,VNC-55-BOWLERO AUBURN LANES,2022-02-09,2022-03-28,2022-04-20,Z:\5. BIM I&P\PRO-113-VNC\VNC-55-Bowlero Auburn Lanes,,222,,,Lump-Sum,29,,Large,Standard,Construction,N/A,0,m²,"(112),(139),(182),(228)",(206),"(73),(88),(149)",System.Byte[],06/13/2022 1:36:02 PM
PRO-113-VNC-58,VNC-58-STARBUCKS RHINELANDER,2022-03-02,2022-03-08,2022-04-20,Z:\5. BIM I&P\PRO-113-VNC\VNC-58-Starbucks Rhinelander,,72,,,Lump-Sum,29,,Medium,Standard,Construction,N/A,0,m²,"(139),(112),(182),(260),(259)",(206),"(73),(88),(149)",System.Byte[],06/13/2022 1:36:02 PM
PRO-113-VNC-59,VNC-59-STARBUCKS DEFOREST,2022-03-14,2022-03-17,2022-04-20,Z:\5. BIM I&P\PRO-113-VNC\VNC-59-Starbucks Deforest,,72,,,Lump-Sum,29,,Medium,Standard,Construction,N/A,0,m²,"(139),(112),(182),(260),(259)",(206),"(73),(88),(149)",System.Byte[],06/13/2022 1:36:02 PM
PRO-113-VNC-60,VNC-60-STARBUCKS DUPONT,2022-03-14,2022-03-24,2022-04-20,Z:\5. BIM I&P\PRO-113-VNC\VNC-60-Starbucks Dupont,,72,,,Lump-Sum,29,,Medium,Standard,Construction,N/A,0,m²,"(139),(112),(182),(260),(259)",(206),"(73),(88),(149)",System.Byte[],06/13/2022 1:36:02 PM
PRO-113-VNC-61,VNC-61-STARBUCKS MORELAND & LONGVIEW,2022-03-13,2022-03-28,2022-06-14,Z:\5. BIM I&P\PRO-113-VNC\VNC-61-Starbucks Moreland & Longview,,222,,,Lump-Sum,29,,Medium,Standard,Construction,N/A,0,m²,"(112),(139),(182),(260),(259),(223),(207),(228)",(206),"(73),(88),(149)",System.Byte[],06/14/2022 11:20:10 AM
PRO-113-VNC-62,VNC-62-STARBUCKS I-10 & HWY 51,2022-03-15,2022-03-31,2022-04-21,Z:\5. BIM I&P\PRO-113-VNC\VNC-62-Starbucks I-10 & Hwy 51,,40,,,Lump-Sum,29,,Medium,Standard,Construction,N/A,0,m²,"(112),(139),(182),(260),(259)",(206),"(73),(88),(149)",System.Byte[],06/13/2022 1:36:02 PM
PRO-113-VNC-63,VNC-63-STARBUCKS TELGE JARVIS,2022-03-15,2022-03-30,2022-04-21,Z:\5. BIM I&P\PRO-113-VNC\VNC-63-Starbucks Telge Jarvis,,40,,,Lump-Sum,29,,Medium,Standard,Construction,N/A,0,m²,"(112),(139),(182),(260),(259)",(206),"(73),(88),(149)",System.Byte[],06/13/2022 1:36:02 PM
PRO-113-VNC-64,VNC-64-STARBUCKS MONROE & CHATHAM,2022-03-17,2022-03-25,2022-06-14,Z:\5. BIM I&P\PRO-113-VNC\VNC-64-Starbucks Monroe & Chatham,,206,,,Lump-Sum,29,,Medium,Standard,Construction,N/A,0,m²,"(112),(139),(182),(260),(259)",(206),"(73),(88),(149)",System.Byte[],06/14/2022 11:20:17 AM
PRO-113-VNC-65,VNC-65-STARBUCKS WINTERPARK VILLAGE,2022-03-18,2022-03-29,2022-06-14,Z:\5. BIM I&P\PRO-113-VNC\VNC-65-Starbucks Winterpark VIllage,,206,,,Lump-Sum,29,,Medium,Standard,Construction,N/A,0,m²,"(112),(139),(182),(260),(259)",(206),"(73),(88),(149)",System.Byte[],06/14/2022 11:20:27 AM
PRO-113-VNC-66,VNC-66-STARBUCKS US-51 & MARION AVE,2022-03-25,2022-03-30,2022-04-20,Z:\5. BIM I&P\PRO-113-VNC\VNC-66-Starbucks US-51 & Marion Ave,,72,,,Lump-Sum,29,,Medium,Standard,Construction,N/A,0,m²,"(139),(112),(182),(260),(259)",(206),"(73),(88),(149)",System.Byte[],06/13/2022 1:36:02 PM
PRO-113-VNC-67,VNC-67-BOWLERO SANTA BARBARA,2022-04-01,2022-05-09,2022-06-14,"Z:\5. BIM I&P\PRO-113-VNC\VNC-67-Bowlero Santa Barbara, Goleta, CA",,222,,,Lump-Sum,29,,Medium,Standard,Construction,N/A,0,m²,"(112),(139),(206),(260),(259),(228),(207),(223)",(182),"(73),(88),(149)",System.Byte[],06/14/2022 11:20:37 AM
PRO-113-VNC-68,VNC-68-STARBUCKS LITTLE CHUTE,2022-04-25,2022-04-29,2022-06-14,,,100,,,Lump-Sum,29,,Medium,Standard,Construction,N/A,0,m²,"(228),(112),(223),(207)",(182),"(73),(88)",System.Byte[],06/14/2022 11:20:52 AM
PRO-113-VNC-69,VNC-69-TSC DECATUR,2022-04-20,2022-05-20,2022-07-11,,,37,,,Lump-Sum,29,,Medium,Standard,As-Built,N/A,0,m²,"(112),(228),(139),(273)",(182),"(73),(88)",System.Byte[],07/11/2022 4:13:08 PM
PRO-113-VNC-70,VNC-70-BOWLERO DRANESVILLE,2022-04-25,2022-06-06,2022-06-14,,,100,,,Lump-Sum,29,,Medium,Standard,Construction,N/A,0,m²,"(112),(223),(207),(228)",(182),"(73),(88)",System.Byte[],06/14/2022 11:21:22 AM
PRO-113-VNC-71,VNC-71-BOWLERO GAITHERSBURG,2022-06-14,2022-08-14,2022-07-11,,,0,None,,Lump-Sump,29,,Medium,Standard,Others,N/A,0,m²,"(272),(110),(112)",(182),(73),System.Byte[],07/11/2022 4:13:11 PM
PRO-113-VNC-72,VNC-72-TSC AUGUSTINE,2022-05-25,2022-06-24,2022-07-11,,,87,,,Lump-Sum,29,,Medium,Standard,Construction,N/A,0,m²,"(112),(228),(139),(273)",(182),"(73),(88)",System.Byte[],07/11/2022 4:13:23 PM
PRO-114-CL-01_AS,Z2_ARCH & STRUC,2021-01-18,2021-01-22,2021-05-13,Z:\5. BIM I&P\PRO-114-CL,,0,,,Lump-Sum,35,,Medium,Standard,Detailed Design,300,0,m²,"(109),(206),(200)",(188),(73),System.Byte[],06/13/2022 1:36:03 PM
PRO-114-CL-01_M,Z2 - MEP,2020-10-08,2021-01-12,2021-06-03,,,1496,,,Lump-Sum,35,"Ho Chi Minh City, Vietnam",Medium,Standard,Detailed Design,N/A,0,m²,"(202),(166),(170),(207),(198),(219),(196),(197),(199),(112)","(151),(157),(155)","(187),(149)",System.Byte[],06/13/2022 1:36:03 PM
PRO-115-CEC_NB,PARCEL-O (NON-BILLABLE)_MEP,2021-01-13,2021-02-12,2021-06-03,,,0,PARCEL-O,,Non-Billable,19,,Medium,Simple,Others,N/A,0,m²,"(212),(180)",(205),(88),System.Byte[],06/13/2022 1:35:59 PM
PRO-115-CEC-01,PARCEL-O,2021-01-04,2021-02-03,2021-06-22,Z:\5. BIM I&P\PRO-115-CEC\CEC-PARCEL O,,100,,,Lump-Sum,19,,Large,Standard,Others,N/A,0,m²,"(220),(205),(212),(180),(197),(202),(184),(199),(189),(203)",,"(140),(61),(214)",System.Byte[],06/13/2022 1:35:59 PM
PRO-116-IPP-01,TSN_AIRPORT,2021-03-09,2021-04-08,,Z:\5. BIM I&P\PRO-116-IPP,,100,,,Non-Billable,26,,Medium,Standard,Others,N/A,0,m²,"(192),(221),(176),(217),(191),(203),(185),(190),(208)",,"(224),(88),(149),(61)",System.Byte[],06/13/2022 1:36:00 PM
PRO-116-IPP-02,IPP-02_TSN_AIRPORT,2022-03-01,2022-06-30,,,,100,,,Lump-Sum,1,,Medium,Standard,Others,N/A,0,m²,"(231),(221),(257),(241),(176),(240),(258),(274)",,"(88),(149),(217)",System.Byte[],06/13/2022 1:35:59 PM
PRO-116-IPP-03,TSN_AIRPORT_VN DELIGHTS,2022-08-01,2022-10-02,,Z:\5. BIM I&P\PRO-116-IPP\TSN-AIRPORT-VN DELIGHTS,,100,None,,Lump-Sump,1,HCM,Small,Standard,Detailed Design,N/A,0,m²,"(208),(288),(221),(258),(254),(176),(283)",(231),,System.Byte[],08/08/2022 10:26:24 AM
PRO-117-WORKPATH-02,WORKPATH-237 FAMILIES,2021-06-28,2021-08-23,2021-11-29,Z:\5. BIM I&P\PRO-117-WORKPATH\02-WORKPATH-237 FAMILIES,,1250,,,Lump-Sum,34,,Medium,Standard,Others,300,0,m²,"(227),(226),(112),(220),(185),(139),(188),(206)",(209),"(73),(88),(149),(61)",System.Byte[],06/13/2022 1:36:03 PM
PRO-118-TBF_A,INDUSTRIAL BUILDING_ARCH,2021-03-08,2021-03-19,2021-03-25,Z:\5. BIM I&P\PRO-118-VN_INDUSTRIAL_BUILDING,,240,,,Non-Billable,1,,Medium,Standard,Others,N/A,0,m²,"(109),(215),(176)",(185),"(73),(88),(149),(61),(224)",System.Byte[],06/13/2022 1:35:58 PM
PRO-118-TBF_M,INDUSTRIAL BUILDING_MEP,2021-03-04,2021-04-03,2021-06-03,Z:\5. BIM I&P\PRO-118-VN_INDUSTRIAL_BUILDING,,340,,,Non-Billable,1,,Medium,Standard,Others,N/A,0,m²,"(151),(196),(207),(198),(219)",,"(187),(73),(88),(149),(61)",System.Byte[],06/13/2022 1:35:58 PM
PRO-118-TBF_S,INDUSTRIAL BUILDING_STRUC,2021-03-05,2021-03-19,2021-03-25,Z:\5. BIM I&P\PRO-118-VN_INDUSTRIAL_BUILDING,,400,,,Non-Billable,1,,Medium,Standard,Others,N/A,0,m²,"(209),(139),(199),(184),(200),(203),(206)",(140),"(73),(88),(149),(61),(214)",System.Byte[],06/13/2022 1:35:58 PM
PRO-119-MTV-01,Parcel 164,2021-03-31,2021-04-30,,Z:\5. BIM I&P\PRO-119-Parcel 164,,100,,,Lump-Sum,1,,Medium,Standard,Construction,350,0,m²,"(176),(191)",,"(224),(88),(149),(61)",System.Byte[],06/13/2022 1:35:59 PM
PRO-120-MD+-01_AS,MD+-01-CONEJOS_STRUC&ARCH,2021-05-12,2021-06-09,2022-03-30,Z:\5. BIM I&P\PRO-120-MD+,,100,,,Man-HR Based,18,,Medium,Standard,Detailed Design,300,0,m²,"(112),(139),(188),(206),(209),(227),(226),(185),(232),(183),(230),(176),(210),(182),(169),(190),(109),(191),(235),(237),(236)",,"(73),(88),(149),(61)",System.Byte[],06/13/2022 1:35:59 PM
PRO-120-MD+-01_M,MD+-01-CONEJOS_MEP,2021-05-17,2021-06-09,2022-03-28,Z:\5. BIM I&P\PRO-120-MD+,,100,,,Man-HR Based,18,,Medium,Standard,Detailed Design,N/A,0,m²,"(170),(223),(207),(196),(205),(218),(219),(225),(228),(229),(220)",(151),"(187),(88),(149),(61)",System.Byte[],06/13/2022 1:35:59 PM
PRO-120-MD+-02_AS,MD+-02-AAHOA_ARCH&STRUC,2021-05-20,2021-06-19,2022-03-30,Z:\5. BIM I&P\PRO-120-MD+,,0,,,Man-HR Based,18,,Medium,Standard,Construction,N/A,0,m²,"(209),(227),(226),(191),(213),(194),(212)","(188),(206),(185),(169)","(73),(88),(149),(61),(224)",System.Byte[],06/13/2022 1:35:59 PM
PRO-120-MD+-02_M,MD+-02-AAHOA_MEP,2021-06-03,2021-06-17,2021-11-10,Z:\5. BIM I&P\PRO-120-MD+,,192,,,Man-HR Based,18,,Medium,Standard,Detailed Design,N/A,0,m²,"(223),(225),(228),(170),(219),(207)",(151),"(187),(88),(149),(61)",System.Byte[],06/13/2022 1:35:59 PM
PRO-120-MD+-02_R,MD+-02-AAHOA_R&D,2021-06-07,2021-06-25,2021-07-09,,,100,,,Man-HR Based,18,,Small,Simple,Construction,N/A,0,m²,"(58),(194)",(213),"(212),(88),(149),(61)",System.Byte[],06/13/2022 1:35:59 PM
PRO-120-MD+-03_AS,MD+-03-LAS PALMAS-STRUC&ARCH,2021-09-06,2021-10-06,2022-01-27,,,100,,,Man-HR Based,18,,Medium,Standard,Construction,N/A,0,m²,"(112),(139),(188),(206),(209),(227),(226),(185),(224),(232),(230),(176),(210),(169),(190),(191),(109),(235),(237),(236)","(182),(183)","(73),(88),(149),(61)",System.Byte[],06/13/2022 1:35:59 PM
PRO-120-MD+-03_M,MD+-03-LAS PALMAS-MEP,2021-05-12,2021-06-09,2022-01-27,Z:\5. BIM I&P\PRO-120-MD+,,100,,,Man-HR Based,18,,Medium,Standard,Detailed Design,N/A,0,m²,"(187),(151),(170),(196),(205),(207),(218),(219),(223),(225),(228),(229),(212)",,"(224),(88),(149),(61)",System.Byte[],06/13/2022 1:35:59 PM
PRO-121-LW-01,LW-01-THE_GROVE,2021-05-11,2021-06-10,2021-07-23,Z:\5. BIM I&P\PRO-121-LW,,1600,,,Man-HR Based,15,,Medium,Standard,Detailed Design,N/A,0,m²,"(185),(210),(208),(215),(216),(182),(183),(190),(228),(225),(109)",,"(224),(88),(149),(61),(187)",System.Byte[],06/13/2022 1:35:59 PM
PRO-121-LW-01_V01,LW-01_V01,2021-06-14,2021-06-30,2021-07-23,,,641,LW-01-THE_GROVE,,Man-HR Based,15,,Large,Standard,Construction,350,0,m²,"(215),(210),(216),(183),(182),(190),(228),(225),(208),(109),(185),(221)",,"(224),(88),(149),(61)",System.Byte[],06/13/2022 1:35:59 PM
PRO-121-LW-01_VO2,LW-01_V02,2021-06-21,2021-07-22,2021-07-23,Z:\5. BIM I&P\PRO-121-LW,,100,LW-01-THE_GROVE,,Man-HR Based,15,,Medium,Standard,Construction,N/A,0,m²,"(215),(210),(216),(183),(182),(190),(228),(225),(208),(109),(221),(185),(58),(112)",,"(224),(88),(149),(61)",System.Byte[],06/13/2022 1:35:59 PM
PRO-121-LW-02,LW 02 - VIDA 3 - VIDA 4,2021-11-23,2022-04-30,,,,4696,,,Lump-Sum,15,,Medium,Standard,Construction,N/A,0,m²,"(190),(232),(191),(210),(109),(182),(234),(221),(183),(216),(169),(176),(217),(226),(112),(139),(236),(58),(179),(80),(172),(205),(170),(225),(220),(229),(247),(240),(241),(274),(275),(258)","(231),(187),(245)","(88),(149),(61)",System.Byte[],06/30/2022 5:53:31 PM
PRO-121-LW-03,LW 03 - CENTRO HOTEL-KHARTOUM - SUDAN,2021-11-29,2022-04-30,,,,100,,,Lump-Sum,15,Khartoum - Sudan,Medium,Standard,Construction,N/A,0,m²,"(216),(221),(176),(232),(190),(191),(234),(183),(169),(208),(182)",(231),"(88),(149),(61)",System.Byte[],06/13/2022 1:35:59 PM
PRO-121-LW-04,LW 04 - RAFFLES KSA - MUR,2022-02-08,2022-03-07,,,,100,,,Lump-Sum,1,,Medium,Standard,Detailed Design,N/A,0,m²,"(221),(207),(228),(182),(183),(234),(208),(190),(232),(109),(191),(176),(247),(210),(245)","(231),(169)","(88),(149),(61),(217)",System.Byte[],06/13/2022 1:35:59 PM
PRO-121-LW-05,LW-05-CENTRO HOTEL ARCHITECTURE,2022-03-07,2022-05-09,,Z:\5. BIM I&P\PRO-121-LW\LW-05-Centro Hotel Architecture,,100,,,Lump-Sum,1,,Medium,Standard,Detailed Design,300,0,m²,"(176),(221),(247),(191),(183),(242),(241),(274),(283),(169),(275)","(231),(232),(245)","(88),(149),(217)",System.Byte[],08/01/2022 5:13:58 PM
PRO-121-LW-06,LW 06 - CENTRO KHARTOUM - 1BR APARTMENT MOCK UP,2022-03-14,2202-04-29,,,,100,,,Lump-Sum,1,,Medium,Standard,Detailed Design,N/A,0,m²,"(176),(191),(183),(221),(242),(245),(190)","(231),(182)","(88),(149),(217)",System.Byte[],06/13/2022 1:35:59 PM
PRO-121-LW-07,LW-07-CENTROL KHATOUM ID,2022-04-18,2022-05-13,,,,100,,,Lump-Sum,16,,Medium,Standard,Construction,300,0,m²,"(109),(234),(176),(240),(247),(229),(170),(196),(191),(232),(241),(245),(258),(274),(221)","(208),(225)","(231),(88)",System.Byte[],06/13/2022 1:35:59 PM
PRO-121-LW-08,LW-08-PALM JA VILLAS,2022-04-25,2022-06-03,2022-07-11,Z:\5. BIM I&P\PRO-121-LW\LW-08-Palm JA Villas,,924,,,Lump-Sum,15,,Medium,Standard,Detailed Design,200,0,m²,"(73),(188),(209),(226),(139)",,(88),System.Byte[],07/11/2022 4:15:10 PM
PRO-121-LW-09,LW-09-RAFFLES KSA - MUR - TD,2022-07-19,2022-09-30,,Z:\5. BIM I&P\PRO-121-LW\LW-09-Raffles KSA - MUR - TD,,100,None,,Lump-Sump,1,DUBAI,Small,Standard,Detailed Design,300,0,m²,"(208),(283),(109),(169),(274),(176)","(231),(245)",,System.Byte[],07/19/2022 9:55:32 AM
PRO-121-LW-10,LW-10-RAFFLES KSA - SD,2022-07-23,2022-09-23,,Z:\5. BIM I&P\PRO-121-LW\LW-10-Raffles KSA - MUR - SD - Non Typical Premium Suite,,100,None,,Lump-Sump,1,Dubai,Large,Standard,Schematic,N/A,0,m²,"(254),(176),(242),(109),(234),(221),(258)","(208),(231)",,System.Byte[],07/26/2022 2:32:48 PM
PRO-122-DK-01,DK-01-NUI THANH,2021-05-17,2021-06-16,2021-11-22,Z:\5. BIM I&P\PRO-122-BIM x DATKEYS,,288,,,Lump-Sum,9,,Medium,Standard,Construction,N/A,0,m²,"(183),(191),(109),(217),(208),(151),(196),(170)",(176),"(224),(88),(149),(61)",System.Byte[],06/13/2022 1:35:58 PM
PRO-123-SYN-01,SYN-01-REGENT HOTEL,2021-06-09,2021-07-09,,Z:\5. BIM I&P\PRO-123-SYNTEGRATE,,100,,,Lump-Sum,25,,Large,Standard,Construction,N/A,0,m²,"(215),(210),(109),(176),(191),(221),(185),(182),(216),(139),(112),(169)","(183),(208),(190)","(224),(88),(149),(61)",System.Byte[],06/13/2022 1:36:00 PM
PRO-123-SYN-01_ST2,SYN-01-REGENT HOTEL-STAGE 2,2021-10-04,2021-11-03,,,,100,SYN-01-REGENT HOTEL,,Lump-Sum,24,,Medium,Standard,Construction,N/A,0,m²,"(216),(221),(230),(234)","(208),(190)","(217),(88),(149),(61),(231)",System.Byte[],06/13/2022 1:36:00 PM
PRO-124-ATL-01,ATL-01-FLINDERS UNIVERSITY,2021-06-08,2021-07-15,2021-08-23,Z:\5. BIM I&P\PRO-124-ATLAS,,100,,,Man-HR Based,5,,Medium,Standard,Construction,N/A,0,m²,"(212),(213),(228),(139),(219),(196),(226),(223),(170),(207),(218),(229),(191),(225)","(169),(215),(206),(151),(205)","(88),(187),(224),(149),(61)",System.Byte[],06/13/2022 1:35:58 PM
PRO-125-ATX,ATX - NEW BIM PROJECT,2021-12-01,2021-12-31,2022-03-30,,,0,,,Man-HR Based,6,,Medium,Standard,As-Built,N/A,0,m²,(237),"(227),(209)","(73),(88),(149),(61)",System.Byte[],06/13/2022 1:35:58 PM
PRO-125-ATX-01,ATX_01,2021-07-08,2021-08-07,2021-11-25,Z:\5. BIM I&P,,100,,,Man-HR Based,6,,Medium,Standard,Construction,N/A,0,m²,(224),,"(185),(88),(149),(61)",System.Byte[],06/13/2022 1:35:58 PM
PRO-126-BIMSYSTEMS-01,BIMSYSTEMS_01,2021-07-08,2021-08-07,2022-03-30,Z:\5. BIM I&P\PRO-126-BIMSYSTEMS,,100,,,Lump-Sum,7,,Medium,Standard,Construction,N/A,0,m²,"(188),(206),(151),(170)",,"(73),(88),(149),(61)",System.Byte[],06/13/2022 1:35:58 PM
PRO-127-UNI-03,"UNIOS-ATHENA G2, VESPA G2",2022-03-15,2022-03-24,2022-04-01,,,192,,,Lump-Sum,27,,Small,Standard,Others,N/A,0,m²,"(219),(229),(223)",,"(212),(88),(149)",System.Byte[],06/13/2022 1:36:00 PM
PRO-127-UNIOS-01,UNIOS PROJECT,2021-07-23,2021-08-22,2021-11-01,Z:\5. BIM I&P\PRO-127-UNIOS,,100,,,Lump-Sum,27,,Medium,Standard,Construction,N/A,0,m²,"(205),(218),(219),(151),(223),(196),(170)",,"(187),(88),(149),(61)",System.Byte[],06/13/2022 1:36:00 PM
PRO-128-HBA-01,MAA2 PROJECT,2021-07-23,2021-08-22,2021-11-25,Z:\5. BIM I&P\PRO-128-HBA,,100,,,Lump-Sum,17,,Medium,Standard,Construction,N/A,0,m²,"(224),(182),(208),(215),(216),(185),(139),(210),(176),(109),(169),(151),(227),(226),(225),(228),(207),(223),(230),(221),(190),(231),(232),(183)",,"(88),(149),(61)",System.Byte[],06/13/2022 1:35:59 PM
PRO-129-LIZD-01,SMALLWOOD PROJECT,2021-08-23,2021-09-22,2021-11-22,,,100,,,Lump-Sum,23,,Medium,Standard,Construction,N/A,0,m²,"(169),(151),(227),(226),(225),(228),(207),(223),(215),(170),(219),(196)",,"(61),(88),(149)",System.Byte[],06/13/2022 1:36:00 PM
PRO-130-TBF-01,PREFAB PROTOTYPE,2021-08-24,2021-09-23,,,,100,,,Non-Billable,1,,Medium,Standard,Construction,N/A,0,m²,"(217),(224),(176),(234),(262)",,"(88),(149),(61),(231)",System.Byte[],07/19/2022 4:35:01 PM
PRO-131-WWJP-00,WEWORK JAPAN_AKHILL,2021-10-24,2022-10-24,,,,1000,,,Lump-Sum,32,Japan,Medium,Standard,As-Built,N/A,0,m²,"(216),(208),(234),(221),(169),(190)",(231),"(88),(149),(61)",System.Byte[],06/13/2022 1:36:02 PM
PRO-131-WWJP-00_FAM,WEWORK JAPAN,2021-08-24,2021-09-23,2021-11-22,,,100,,,Lump-Sum,31,,Medium,Standard,Construction,N/A,0,m²,"(73),(205),(223),(218),(196),(219),(229),(209),(226),(169),(220)",,"(88),(149),(61)",System.Byte[],06/13/2022 1:36:02 PM
PRO-131-WWJP-88,WEWORK JAPAN TYO_KEIKYU DAIICHI,2021-11-27,2022-01-30,,,,100,,,Lump-Sum,31,Japan,Medium,Standard,As-Built,N/A,0,m²,"(216),(190),(208),(169),(234),(221)",(231),"(88),(149),(61)",System.Byte[],06/13/2022 1:36:02 PM
PRO-132-ARSPAR-01,ARSPAR,2021-11-24,2022-04-30,,,,100,,,Lump-Sum,4,,Medium,Standard,Others,N/A,0,m²,"(216),(221)",(231),"(88),(149),(61)",System.Byte[],06/13/2022 1:35:58 PM
PRO-134-PRXS-01,PRXS-01-PROTOTYPE-STR,2022-01-05,2022-02-04,2022-03-30,Z:\5. BIM I&P\PRO-134-PRXS\01-PROTOTYPE,,100,,,Man-HR Based,21,,Small,Standard,Others,300,0,m²,,"(188),(206),(209)","(73),(88),(149),(61)",System.Byte[],06/13/2022 1:36:00 PM
PRO-135-IP-01,IP-01-5 KOCH STERNFELD STRABE,2022-02-22,2022-02-24,2022-04-21,Z:\5. BIM I&P\PRO-135-IP\02. 5 Koch-Sternfeld-Straße,,8,,,Lump-Sum,11,,Small,Standard,As-Built,N/A,0,m²,(235),,"(73),(88),(149)",System.Byte[],06/13/2022 1:35:58 PM
PRO-135-IP-01-955,IP-01-955 MASSACHUSETTS AVE,2022-01-18,2022-01-21,2022-03-30,Z:\5. BIM I&P\PRO-135-IP\01. 955 Massachusetts ave,,36,,,Lump-Sum,11,,Small,Standard,As-Built,200,0,m²,(112),,"(73),(88),(149),(61)",System.Byte[],06/13/2022 1:35:58 PM
PRO-135-IP-02,IP-02-WATER STREET,2022-02-28,2022-03-07,2022-04-21,Z:\5. BIM I&P\PRO-135-IP\03. Water Street,,16,,,Lump-Sum,11,,Small,Standard,As-Built,N/A,0,m²,(235),,"(73),(88),(149)",System.Byte[],06/13/2022 1:35:58 PM
PRO-135-IP-03,IP-03-125 BAY SHORE,2022-03-01,2022-03-08,2022-04-21,Z:\5. BIM I&P\PRO-135-IP\04. 125 Bay Shore - Interior Only,,8,,,Lump-Sum,11,,Small,Standard,As-Built,N/A,0,m²,(235),,"(73),(88),(149)",System.Byte[],06/13/2022 1:35:58 PM
PRO-136-02-BHH_AS,PDM-02-BUNKER HILL HOUSING-ARC & STR,2022-02-17,2022-05-27,2022-06-14,Z:\5. BIM I&P\PRO-136-PDM\02. Bunker Hill Housing Project,,0,,,Man-HR Based,20,,Medium,Standard,Construction,N/A,0,m²,,"(188),(209),(226)","(73),(88),(149)",System.Byte[],06/14/2022 11:22:23 AM
PRO-136-02-BHH_M,PDM-02-BUNKER HILL HOUSING,2022-02-17,2022-05-27,2022-07-11,,,1000,,,Man-HR Based,20,,Medium,Standard,Construction,N/A,0,m²,"(212),(151),(225),(223),(170),(196),(219),(207),(228),(187)",,"(88),(149)",System.Byte[],07/11/2022 4:11:59 PM
PRO-136-PDM-01-AHS_AS,PDM-01-AHS PODS_ARCH&STR,2022-02-09,2022-03-11,2022-07-11,Z:\5. BIM I&P\PRO-136-PDM\01. AHS pods,,1000,,"3 Pods:
1. ACWD pod
2. Kitchen Pod
3. Batroom Pod",Man-HR Based,20,,Medium,Standard,Construction,N/A,0,m²,"(139),(227),(269)","(188),(226),(209)","(73),(88),(149)",System.Byte[],07/11/2022 4:12:14 PM
PRO-136-PDM-01-AHS_M,PDM-01-AHS PODS_MEP,2022-02-09,2022-03-11,,Z:\5. BIM I&P\PRO-136-PDM\01. AHS pods,,0,,"3 pods
AC & WD room
Bathroom POd
Kitchen Pod",Man-HR Based,20,,Medium,Standard,Construction,300,0,m²,"(212),(228),(170),(270),(271),(277),(278),(282)","(151),(225)","(88),(149),(187)",System.Byte[],06/14/2022 4:42:51 PM
PRO-136-PDM-03-MP_AS,PDM-03-MILPITAS_ARC & STR,2022-03-07,2022-05-27,2022-06-14,Z:\5. BIM I&P\PRO-136-PDM\03. Milpitas Pods,,0,,,Man-HR Based,20,,Medium,Standard,Construction,N/A,0,m²,(151),"(188),(209),(226)","(73),(88),(149)",System.Byte[],06/14/2022 11:25:34 AM
PRO-136-PDM-03-MP_M,PDM-03-MILPITAS_MEP,2022-03-07,2022-03-18,,Z:\5. BIM I&P\PRO-136-PDM\03. Milpitas Pods,,1000,,,Man-HR Based,20,,Small,Simple,Construction,N/A,0,m²,"(225),(219),(170),(196),(207),(228),(223),(229),(220)",(151),"(212),(88),(149),(187)",System.Byte[],06/13/2022 1:35:59 PM
PRO-136-PDM-04-PST_AS,PDM-04-PREFAB STADIUM TOILETS_ARC & STR,2022-03-08,2022-05-27,2022-06-14,Z:\5. BIM I&P\PRO-136-PDM\04. Prefab Stadium Toilets,,0,,,Man-HR Based,20,,Medium,Standard,Construction,N/A,0,m²,(112),"(188),(209),(226)","(73),(88),(149)",System.Byte[],06/14/2022 11:27:30 AM
PRO-136-PDM-04-PST_M,PDM-04-PREFAB STADIUM TOILETS_MEP,2022-03-08,2022-04-07,,Z:\5. BIM I&P\PRO-136-PDM\04. Prefab Stadium Toilets,,1000,,,Man-HR Based,20,,Large,Standard,Construction,N/A,0,m²,"(212),(196),(219),(223),(170),(228),(207),(229),(220),(187)","(151),(225)","(88),(149)",System.Byte[],06/13/2022 1:35:59 PM
PRO-136-PDM-05-MN_AS,PDM-05-MILES_ARC & STR,2022-03-25,2022-05-27,2022-06-14,Z:\5. BIM I&P\PRO-136-PDM\05.Miles Nashville,,0,,,Man-HR Based,20,,Medium,Standard,Construction,N/A,0,m²,"(227),(151)","(188),(209),(226)","(73),(88),(149)",System.Byte[],06/14/2022 11:49:37 AM
PRO-136-PDM-05-MN_M,PDM-05-MILES_MEP,2022-03-25,2022-04-04,,Z:\5. BIM I&P\PRO-136-PDM\05.Miles Nashville,,1000,,,Man-HR Based,20,,Small,Standard,Construction,N/A,0,m²,"(228),(170),(196),(207),(219),(220),(223),(225),(229)",(151),"(187),(88),(149),(212)",System.Byte[],06/13/2022 1:35:59 PM
PRO-136-PDM-07-AOS_M,PDM-07-AOSM_MEP,2022-04-27,2022-05-11,,Z:\5. BIM I&P\PRO-136-PDM\07. AOSM,,300,,,Man-HR Based,20,,Small,Standard,Others,N/A,0,m²,(196),(151),"(187),(88)",System.Byte[],06/13/2022 1:36:00 PM
PRO-136-PDM-08-FSH_M,PDM-08-FISHERS_MEP,2022-05-05,2022-05-19,,Z:\5. BIM I&P\PRO-136-PDM\08.Fisher Community,,300,,,Man-HR Based,20,,Small,Standard,Others,N/A,0,m²,"(170),(196)",(151),"(187),(88)",System.Byte[],06/13/2022 1:36:00 PM
PRO-136-PDM-09-HRC_M,PDM-09-HARRAH-MEP,2022-05-04,2022-05-18,,Z:\5. BIM I&P\PRO-136-PDM\09. Harrah Rivers Casino,,300,,,Man-HR Based,20,,Small,Standard,Others,N/A,0,m²,"(196),(223)",(151),"(187),(88)",System.Byte[],06/13/2022 1:36:00 PM
PRO-136-PDM-10-UPM_AS,PDM-10-UPMC_ARC&STR,2022-06-14,2022-08-14,2022-07-11,,,0,None,,Non-Billable,20,,Medium,Standard,Others,N/A,0,m²,,"(188),(226),(269)",(73),System.Byte[],07/11/2022 4:12:24 PM
PRO-136-PDM-10-UPM_M,PDM-10-UPMC_MEP,2022-05-31,2022-06-03,,Z:\5. BIM I&P\PRO-136-PDM\10. UPMC,,100,,,Man-HR Based,20,,Small,Standard,Construction,N/A,0,m²,"(170),(228),(229)",(151),"(187),(88)",System.Byte[],06/13/2022 1:36:00 PM
PRO-136-PDM-11,PDM-11-400 ELM-STR,2022-05-14,2022-06-13,,,,100,,,Man-HR Based,20,,Large,Complex,Construction,N/A,0,m²,"(196),(227),(260),(259),(112),(139),(269),(272),(273),(188),(229),(170),(151),(228),(225),(223)",(206),"(73),(88)",System.Byte[],06/13/2022 1:36:00 PM
PRO-136-PDM-12-KAL_AS,PDM-12-KALAHARI_ARC&STR,2022-06-14,2022-08-14,2022-07-11,,,0,None,,Man-HR base,1,,Medium,Standard,Others,N/A,0,m²,,"(188),(209)",(73),System.Byte[],07/11/2022 4:12:29 PM
PRO-136-PDM-12-KAL_m,PDM-12-KALAHARI_MEP,2022-06-20,2022-08-20,,Z:\5. BIM I&P\PRO-136-PDM\12.Kalahari,,0,None,,Man-HR base,20,HCM,Medium,Standard,Others,N/A,0,m²,"(271),(270),(282),(228),(277),(278),(170)","(151),(225)",(187),System.Byte[],06/29/2022 1:58:04 PM
PRO-136-PDM-13-MCLV_AS,PDM-13-MID CO.LIVING_ARC&STR,2022-06-14,2022-08-14,2022-07-11,,,0,None,,Man-HR base,20,,Medium,Standard,Others,N/A,0,m²,"(259),(272)","(188),(206)",(73),System.Byte[],07/11/2022 4:12:34 PM
PRO-136-PDM-13-MCLV_M,PDM-13-MID CO.LIVING_MEP,2022-06-16,2022-08-16,,Z:\5. BIM I&P\PRO-136-PDM\13.Mid Co-Living,,0,None,,Man-HR base,20,USA,Medium,Standard,Others,N/A,0,m²,"(282),(271),(270),(277),(170),(278),(228)","(151),(225)",(187),System.Byte[],06/16/2022 11:53:19 AM
PRO-136-PDM-14-BH3_AS,PDM-14-BH3_ARC&STR,2022-06-29,2022-08-29,2022-07-11,,,0,None,,Non-Billable,1,HCM,Medium,Standard,Others,N/A,0,m²,"(272),(259),(276)",(206),(73),System.Byte[],07/11/2022 4:12:51 PM
PRO-136-PDM-14-BH3_M,PDM-14-BH3_MEP,2022-06-29,2022-08-29,,Z:\5. BIM I&P\PRO-136-PDM\14. BH3,,0,None,,Non-Billable,20,USA,Small,Standard,Others,N/A,0,m²,"(228),(282),(271),(277),(170),(278),(270)","(151),(225)",(187),System.Byte[],07/05/2022 9:26:41 AM
PRO-136-PDM-15-STF_AS,PDM-15-STRATFORD_ARC&STR,2022-06-29,2022-08-29,2022-07-28,,,0,None,,Non-Billable,1,HCM,Medium,Standard,Others,N/A,0,m²,"(226),(269),(260),(139),(191),(273)","(188),(209)",(73),System.Byte[],07/28/2022 4:38:14 PM
PRO-136-PDM-15-STF_M,PDM-15-STRATFORD_MEP,2022-06-29,2022-08-29,,Z:\5. BIM I&P\PRO-136-PDM\15. Stratford NJ,,0,None,,Non-Billable,20,USA,Small,Standard,Others,N/A,0,m²,"(282),(228),(271),(270),(277),(170),(278)","(151),(225)",(187),System.Byte[],06/29/2022 4:53:25 PM
PRO-136-PDM-RND,PDM-R&D,2022-02-09,2022-03-11,,,,1000,,,Man-HR Based,20,,Medium,Standard,Others,N/A,0,m²,"(209),(213),(188),(194),(225),(269),(227)",,"(212),(88),(149),(73)",System.Byte[],06/13/2022 1:36:00 PM
PRO-137-ADT-001,ADITAZZ PROGRAMMING AND REVIT WORK,2022-02-16,2022-11-30,,,,0,,,Lump-Sum,2,"Silicon Valley, US",Medium,Standard,Others,N/A,0,m²,(194),(213),"(212),(88),(149)",System.Byte[],06/13/2022 1:35:58 PM
PRO-138-KAP,138 - KAP,2022-03-14,2022-04-16,2022-07-11,,,2007,,,Lump-Sum,1,,Small,Standard,Others,N/A,0,m²,"(176),(109),(240)",(231),"(88),(149),(217)",System.Byte[],07/18/2022 6:16:52 PM
PRO-138-KAP-04,KAP-04-KARTON,2022-04-14,2022-05-27,2022-06-14,Z:\5. BIM I&P\PRO-138-KAP\04. Karton,,100,,,Lump-Sum,12,,Large,Standard,As-Built,N/A,0,m²,"(73),(206),(227),(260),(259)",,(88),System.Byte[],06/14/2022 1:51:18 PM
PRO-138-KAP-05,KAP-05-VAHLE NEUBRUCHENSTR,2022-06-14,2022-08-14,2022-07-11,,,0,None,,Lump-Sump,12,,Medium,Standard,Others,N/A,0,m²,"(273),(260)",(227),(73),System.Byte[],07/11/2022 4:14:36 PM
PRO-139-PRIMAL GYM,139 - PRIMAL GYM,2022-03-21,2022-05-31,,,,280,,,Lump-Sum,1,,Small,Standard,Schematic,N/A,120,m²,"(208),(258),(274),(221),(191),(109),(247),(176),(232),(234),(240),(257),(228),(225),(280)",(231),"(88),(149),(217)",System.Byte[],08/09/2022 9:13:51 AM
PRO-140-AXO,PRO-140-AXO,2022-03-23,2022-05-31,,,,100,,,Lump-Sum,1,,Medium,Standard,Detailed Design,N/A,0,m²,"(234),(241)","(231),(169)","(88),(149)",System.Byte[],06/13/2022 1:36:00 PM
PRO-141-RESI,RESI-30 CRESENT ROAD,2022-06-14,2022-08-14,2022-07-11,,,0,None,,Man-HR base,22,,Medium,Standard,Others,N/A,0,m²,,(182),(73),System.Byte[],07/11/2022 4:13:40 PM
PRO-141-RESI-01,RESI-01-30 CRESCENT ROAD,2022-03-30,2022-04-02,2022-04-21,Z:\5. BIM I&P\PRO-141-RESI,,64,,,Non-Billable,22,,Medium,Standard,As-Built,N/A,0,m²,"(139),(112),(235)",(206),"(73),(88),(149)",System.Byte[],06/13/2022 1:36:00 PM
PRO-142-CUBE-01,CUBE-01 VVMALL BOQ,2022-01-14,2022-05-24,2022-04-19,"Z:\5. BIM I&P\01.PROPOSED_PROJECT\2021\2201-CUBE\2. HSNT VẬT TƯ,VẬT LIỆU\2.4.  CUBE - KNE _M&E - CO-CQ",,100,,https://docs.google.com/spreadsheets/d/1lw4_rPdPdRWjlpn5VpoyNI3y4c3gii3tjG4mXxwkyvo/edit#gid=1450454385,Man-HR Based,8,Vietnam,Medium,Standard,Construction,N/A,0,m²,"(205),(209),(170),(228)",(225),"(212),(73),(88),(149),(61)",System.Byte[],06/13/2022 1:35:58 PM
PRO-143-CMV,CMV-NOVAWORLD,2022-04-18,2022-06-30,,,,100,,,Lump-Sum,1,,Large,Standard,Schematic,300,0,m²,"(242),(262),(274),(279),(275),(283)","(169),(231)","(88),(217),(208)",System.Byte[],07/07/2022 5:19:36 PM
PRO-144-VR3D,VR3D-WOLLERAU,2022-06-14,2022-08-14,2022-06-29,,,0,None,,Lump-Sump,1,,Medium,Standard,Others,N/A,0,m²,"(259),(260)",(206),(73),System.Byte[],06/29/2022 4:04:54 PM
PRO-144-VR3D-02,VR3D-Solariastrasse,2022-06-15,2022-06-22,2022-07-11,,,0,None,,Non-Billable,1,HCM,Medium,Standard,Others,N/A,0,m²,"(260),(273),(112),(191)",(227),(73),System.Byte[],07/11/2022 4:11:35 PM
PRO-144-VR3D-03,VR3D-Attenhoferstrasse,2022-06-29,2022-08-29,2022-07-11,,,0,None,,Non-Billable,1,HCM,Medium,Standard,Others,N/A,0,m²,,"(227),(260),(273)","(73),(112),(191)",System.Byte[],07/11/2022 4:11:30 PM
PRO-144-VR3D-04,VR3D-Neunbrunnenstrasse,2022-06-29,2022-08-29,2022-07-11,,,0,None,,Non-Billable,1,HCM,Medium,Standard,Others,N/A,0,m²,"(260),(273),(191),(139),(112),(151),(170)","(182),(227)",(73),System.Byte[],07/11/2022 4:11:14 PM
PRO-144-VR3D-05,VR3D-Da Elio,2022-07-11,2022-09-11,2022-07-28,,,0,None,,Non-Billable,1,HCM,Medium,Standard,Others,N/A,0,m²,"(139),(273),(260),(191),(272),(259),(276)","(182),(227)",(73),System.Byte[],07/28/2022 4:37:47 PM
PRO-144-VR3D-06,VR3D-P49 Amavita Davos,2022-07-11,2022-09-11,2022-07-28,,,0,None,,Non-Billable,1,HCM,Medium,Standard,Others,N/A,0,m²,"(259),(272)","(182),(151)",(73),System.Byte[],07/28/2022 4:37:53 PM
PRO-144-VR3D-07,VR3D-00351 HAUS ZUOZ,2022-07-28,2022-09-28,,,,0,None,,Non-Billable,1,,Medium,Standard,Others,N/A,0,m²,"(112),(191),(259),(260),(139)",(182),(73),System.Byte[],07/28/2022 4:33:43 PM
PRO-144-VR3D-08,VR3D-00352 WOHNUNG ZUOZ,2022-07-28,2022-09-28,,,,0,None,,Non-Billable,1,HCM,Medium,Standard,Others,N/A,0,m²,"(112),(191),(259),(260),(139)",(182),(73),System.Byte[],07/28/2022 4:34:47 PM
PRO-145-RESTAFF OFFICE,RESTAFF OFFICE,2022-07-11,2022-09-30,,Z:\5. BIM I&P\PRO-145-RESTAFF OFFICE,,100,None,,Lump-Sump,1,HCM,Small,Standard,Others,N/A,0,m²,"(254),(279)","(231),(208)",,System.Byte[],08/01/2022 5:36:04 PM
TBF-000-LEAVE,LEAVE,2022-01-01,2100-01-01,,,,0,None,,Non-Billable,1,HCM,Medium,Standard,Others,N/A,0,m²,,,,System.Byte[],06/06/2022 5:53:15 PM